# word	score	pos
南京	8	ns
南京市	20	ns
长江	8	ns
长江大桥	20	n
研究	15	v
生命	15	n
起源	15	n
中国科学院	20	nt
科学院	15	n
计算技术	15	n
技术研究所	20	n
研究所	15	n
我	8	r
我们	20	r
在	8	p
使用	15	v
模型	15	n
天安门	20	ns
市长	20	n
春节前	18	t
男款	20	n
运动	15	n
百搭	20	a
纯色	15	a
中筒袜	20	n
磁吸	20	n
onnxruntime-gpu	20	nx
GPT-5.5	20	nx
OpenAI	15	nx
多模态	15	n
MagSafe	15	nx
Python3.11	20	nx
Windows	15	nx
计算所	15	n

# traditional / mixed Chinese overlay
臺灣	20	ns
台灣	20	ns
使用者	18	n
登入	18	v
系統	18	n
顯示	18	v
後臺	18	n
後台	18	n
數據	18	n
資料庫	20	n
繁體	18	n
東京	18	ns
檢索	18	v
實驗	18	n
我們	20	r
用戶	18	n
訂單	18	n
狀態	18	n
後端	18	n
服務	18	n
連接	18	v
失敗	18	v
混合檢索	20	n
關鍵詞	18	n
手機	18	n
應用程式	20	n
帳號	18	n
資訊	18	n
支援	18	v
輸出	18	v
這款	18	r
資料	18	n
中文	15	n
正常	15	a
發布	18	v
發佈	18	v
研究報告	18	n
二甲双胍	18	n
二甲雙胍	18	n
血糖	15	n

# reviewed NexaloidData candidates
中级人民法院	16.3863	n
信息披露	16.3863	n
发展规划	16.3863	n
国家安全	16.3863	n
国家法律	16.3863	n
对价	16.3863	n
建设用地	16.3863	n
新材料	16.3863	n
有关部门	16.3863	n
有限责任公司	16.3863	n
权利人	16.3863	n
注册会计师	16.3863	n
证券交易所	16.3863	n
试驾	16.3863	n
首席执行官	16.3286	n
合同约定	16.3228	n
国家主席	16.2134	n
北京现代	16.1779	n
国家公务员	16.1767	n
乐风	16.1706	n
授权委托书	16.1197	n
实例化	16.0942	n
经营许可证	16.0783	n
父类	16.0533	n
商业贿赂	16.0408	n
房地产开发企业	16.0367	n
按揭贷款	16.0100	n
东风日产	15.9963	n
业主委员会	15.9838	n
资产负债表	15.9424	n
汽车零部件	15.9249	n
个体工商户	15.9193	n
加工贸易	15.9146	n
中签	15.8828	n
类名	15.8790	n
委托代理人	15.8638	n
官网	15.8133	n
法律文件	15.8129	n
人民医院	15.8105	n
成员变量	15.7935	n
变更登记	15.7749	n
排放标准	15.7574	n
执行董事	15.6883	n
农村信用社	15.6765	n
房屋拆迁	15.6563	n
发展研究中心	15.6486	n
执业证	15.6134	n
现代企业制度	15.5954	n
土地出让金	15.5947	n
时间复杂度	15.5500	n
应急预案	15.5480	n
股份制企业	15.5380	n
乐骋	15.5288	n
商业企业	15.5146	n
改革试点	15.5090	n
特别规定	15.4691	n
一级市场	15.4459	n
刑事辩护	15.4273	n
自动变速箱	15.4220	n
虚假广告	15.4191	n
内幕交易	15.4138	n
剥夺政治权利	15.4060	n
招标投标	15.4040	n
小产权房	15.3703	n
显式	15.3458	n
房地产市场	15.3454	ns
要约收购	15.3442	n
汽车价格	15.2996	n
吸收合并	15.2993	n
专门委员会	15.2800	n
房地产开发公司	15.2767	n
抛出异常	15.2746	n
业务逻辑	15.2357	n
价值判断	15.2304	n
国家工作人员	15.2265	n
成员函数	15.2234	n
数据存储	15.2233	n
区公安分局	15.2176	n
可执行	15.2145	n
结构优化	15.1932	n
新闻办公室	15.1903	n
市公安局	15.1889	ns
方法名	15.1862	n
线程安全	15.1767	n
民事行为能力	15.1744	n
村民委员会	15.1684	n
命名空间	15.1626	n
经济价值	15.1373	n
前手	15.1326	n
东风本田	15.1273	n
东风悦达起亚	15.1114	n
示例代码	15.1111	n
公司合并	15.0965	n
年会	15.0909	n
新版本	15.0887	n
副主席	15.0886	n
品牌汽车	15.0879	n
国家产业政策	15.0770	n
工作原理	15.0561	n
开发环境	15.0552	n
社会治安综合治理	15.0419	n
系统调用	15.0400	n
数据集	15.0392	n
道路交通安全法	15.0390	n
富春	15.0354	n
贵州茅台	15.0305	n
日志文件	15.0271	n
持久化	15.0267	n
地方性法规	15.0239	n
侵犯版权	15.0000	n
公司董事会	15.0000	n
药品监督管理	15.0000	n
队伍建设	15.0000	n
青团	15.0000	n
元和	14.9819	ns
安全监督	14.9800	n
股权转让协议	14.9730	n
静态变量	14.9655	n
常任理事国	14.9637	n
基本类型	14.9593	n
迭代器	14.9547	n
天津一汽	14.9538	n
类继承	14.9535	n
正常运行	14.9436	n
企业效益	14.9424	n
棉花糖	14.9350	n
严重程度	14.9301	n
构造器	14.9290	n
源通	14.9203	n
内部类	14.9146	n
土地利用总体规划	14.9036	n
数据库连接	14.9034	n
大数据	14.8765	n
仲裁机构	14.8745	n
线程池	14.8743	n
时间戳	14.8736	n
元数据	14.8674	n
建设用地使用权	14.8651	n
输入流	14.8578	n
被拆迁人	14.8374	n
结果集	14.8316	n
承包经营权	14.8259	n
职工代表大会	14.8200	n
解决方法	14.8116	n
开发过程	14.8113	n
运行环境	14.8112	n
泛型	14.8058	n
输出流	14.8046	n
子节点	14.8037	n
炸食	14.8008	n
颐达	14.7964	n
艺术学院	14.7943	ns
套接字	14.7874	n
时间间隔	14.7763	n
和谐发展	14.7723	n
仲裁裁决	14.7694	n
转让合同	14.7625	n
产品质量监督	14.7606	n
新京报	14.7518	n
出口加工区	14.7452	n
汽车销售服务	14.7436	n
存储过程	14.7428	n
类方法	14.7388	n
假冒伪劣产品	14.7329	n
负载均衡	14.7258	n
宏定义	14.7231	n
异常处理	14.7201	n
大富豪	14.7179	n
一汽马自达	14.7152	n
休闲车	14.7089	n
国家机关工作人员	14.7056	n
一审法院	14.7036	n
法律监督	14.6964	n
登记制度	14.6905	n
执行时间	14.6870	n
产权登记	14.6806	n
岳阳	14.6743	ns
子树	14.6722	n
垃圾回收	14.6604	n
二维数组	14.6596	n
父节点	14.6576	n
逍客	14.6552	n
保险事故	14.6490	n
二进制文件	14.6457	n
执法行为	14.6447	n
可转换债券	14.6397	n
析构函数	14.6371	n
规模效益	14.6324	n
土地承包经营权	14.6289	n
回滚	14.6260	n
证券投资基金法	14.6257	n
注销登记	14.6197	n
运行时间	14.6186	n
法律地位	14.6115	n
高雄	14.6108	ns
仪表台	14.6096	n
国有股减持	14.6081	n
指定位置	14.6075	n
单例模式	14.6055	n
消息队列	14.6022	n
抽象方法	14.5975	n
市场参与者	14.5967	n
地址空间	14.5928	n
法律职业	14.5893	n
马仔	14.5877	n
违法经营	14.5876	n
金鹰	14.5831	n
用户信息	14.5813	n
机器学习	14.5748	n
房屋权属	14.5744	n
经济贸易委员会	14.5711	n
利用职务之便	14.5688	n
高亮	14.5647	n
类定义	14.5645	n
引用类型	14.5617	n
小排量汽车	14.5544	n
土地登记	14.5539	n
酷路泽	14.5520	n
新特性	14.5509	n
职业安全	14.5490	n
代理协议	14.5433	n
测试类	14.5414	n
工业增加值	14.5403	n
管理学院	14.5398	ns
汽车俱乐部	14.5387	n
字符数组	14.5366	n
人民政治协商会议	14.5158	n
发生法律效力	14.5152	n
证券业协会	14.5080	n
先占	14.5057	n
中国二手车城	14.5054	n
学位委员会	14.5038	n
连接数据库	14.5037	n
企业制度	14.4975	n
实用新型专利	14.4908	n
函数体	14.4894	n
实例变量	14.4822	n
常用方法	14.4807	n
子进程	14.4771	n
动态规划	14.4760	n
财产保全	14.4747	n
数据库表	14.4657	n
安全生产法	14.4620	n
意大利面	14.4609	n
线段树	14.4575	n
文件描述符	14.4558	n
字节流	14.4516	n
社会团体	14.4514	n
松风	14.4490	n
专有技术	14.4478	n
非阻塞	14.4446	n
强制转换	14.4368	n
物理内存	14.4354	n
移动设备	14.4336	n
对象引用	14.4325	n
违法广告	14.4300	n
内存泄漏	14.4293	n
标准输出	14.4276	n
赢利能力	14.4240	n
披露制度	14.4104	n
企业合并	14.3987	n
中医药管理局	14.3935	n
收购兼并	14.3893	n
前保	14.3883	n
英菲尼迪	14.3855	n
泸州老窖	14.3843	n
法治国家	14.3839	n
网购	14.3833	n
银行承兑汇票	14.3826	n
新开工项目	14.3818	n
操纵市场	14.3766	n
规范性文件	14.3763	n
国珍	14.3686	n
解耦	14.3680	n
汽车销售服务有限公司	14.3634	n
非法行医	14.3618	n
工商营业执照	14.3609	n
首席运营官	14.3588	n
西湖龙井	14.3530	n
保险代理人	14.3510	n
公路客运	14.3463	n
虚函数	14.3450	n
自适应	14.3444	n
释放资源	14.3428	n
响应时间	14.3425	n
生产环境	14.3395	n
煮鸡蛋	14.3378	n
32位	14.3325	n
违约行为	14.3289	n
企业家协会	14.3285	n
非专业人士	14.3254	n
从重处罚	14.3193	n
治安管理处罚法	14.3183	n
快速排序	14.3146	n
制定法	14.3097	n
一对多	14.3079	n
性能优化	14.3052	n
法律文化	14.3048	n
伯顿	14.3031	n
数据访问	14.3011	n
配置项	14.2925	n
污水处理厂	14.2899	ns
协议转让	14.2858	n
修改文件	14.2844	n
农民集体	14.2816	n
大陆法	14.2808	n
妇女权益	14.2788	n
占位符	14.2786	n
股东大会议事规则	14.2774	n
应用开发	14.2772	n
特别授权	14.2765	n
双鹤	14.2751	n
标准输入	14.2740	n
下载地址	14.2705	n
空间复杂度	14.2688	n
旅游合同	14.2619	n
白茶	14.2573	n
外键	14.2396	n
远舰	14.2357	n
jar包	14.2354	n
数据转换	14.2352	n
高并发	14.2344	n
增值税发票	14.2325	n
小产权	14.2307	n
编译错误	14.2305	n
系统性能	14.2265	n
项目融资	14.2258	n
系统环境	14.2232	n
鸭脖	14.2218	n
信用保险	14.2213	n
国际条约	14.2206	n
一维数组	14.2195	n
空指针	14.2124	n
侵权产品	14.2113	n
完全民事行为能力	14.2065	n
郑州日产	14.2013	n
保存文件	14.1953	n
二审法院	14.1940	n
网络传播权	14.1883	n
属性值	14.1861	n
消除影响	14.1819	n
数据段	14.1787	n
房地产抵押	14.1749	n
自动生成	14.1713	n
工作流程	14.1706	n
产权制度改革	14.1693	n
起司	14.1690	n
二分查找	14.1677	n
实现类	14.1620	n
当前对象	14.1591	n
芽菜	14.1575	n
优化资源配置	14.1554	n
类图	14.1516	n
浮点型	14.1492	n
市纪委	14.1491	n
可行性报告	14.1463	n
鹅肝	14.1432	n
文化广场	14.1414	ns
日志记录	14.1319	n
数据库服务器	14.1316	n
国家机构	14.1270	n
安全问题	14.1244	n
保险监管	14.1230	n
消息处理	14.1227	n
军队转业干部	14.1219	n
系统设置	14.1112	n
财产分割	14.1100	n
资产保值增值	14.1073	n
豆皮	14.1053	n
函数返回	14.1050	n
实例方法	14.1022	n
国有独资公司	14.1015	n
价格欺诈	14.0999	n
注册会计师协会	14.0981	n
命名规则	14.0925	n
静态成员	14.0872	n
基本养老保险	14.0837	n
并查集	14.0809	n
离婚协议书	14.0801	n
大包围	14.0752	n
重做	14.0736	n
解百纳	14.0719	n
显示图片	14.0712	n
反序列化	14.0710	n
中高级车	14.0654	n
依赖注入	14.0628	n
关系型数据库	14.0584	n
交通大学	14.0572	ns
伪代码	14.0562	n
疾病预防控制中心	14.0529	n
监督体系	14.0523	n
多进程	14.0515	n
系统服务	14.0486	n
规范行为	14.0473	n
多核	14.0460	n
专利侵权	14.0412	n
新技术	14.0358	n
图片资源	14.0306	n
资本市场	14.0295	n
成员方法	14.0294	n
进程间通信	14.0253	n
未成年子女	14.0214	n
战争罪	14.0206	n
性能测试	14.0192	n
主线程	14.0181	n
可见性	14.0147	n
归并排序	14.0127	n
色香味俱全	14.0120	n
价格形成机制	14.0113	n
新凯越	14.0110	n
药品管理法	14.0078	n
肉粥	14.0062	n
二进制数	14.0048	n
子序列	14.0012	n
自动启动	13.9981	n
平衡发展	13.9978	n
副主任医师	13.9970	n
文件下载	13.9952	n
地方法	13.9945	n
土地使用权出让合同	13.9912	n
集合类	13.9908	n
未成年人保护法	13.9869	n
回调函数	13.9811	n
社会危害性	13.9800	n
返回结果	13.9787	n
授权经营	13.9757	n
云计算	13.9710	n
中华全国律师协会	13.9690	n
数据丢失	13.9663	n
析构	13.9662	n
风挡玻璃	13.9657	n
超类	13.9576	n
挪用公款罪	13.9519	n
婚前财产	13.9504	n
原子操作	13.9454	n
非银行金融机构	13.9446	n
强制性规定	13.9424	n
创建目录	13.9412	n
紧急救援	13.9398	n
64位	13.9366	n
目标对象	13.9333	n
人民币升值压力	13.9301	n
地方法规	13.9273	n
布局文件	13.9202	n
包名	13.9201	n
治安管理处罚条例	13.9188	n
对象模型	13.9187	n
经国务院批准	13.9179	n
网络犯罪	13.9167	n
国家工商总局	13.9165	ns
窗口大小	13.9143	n
表空间	13.9094	n
SQL语句	13.9091	n
Java代码	13.9082	n
企业兼并	13.9057	n
工厂模式	13.8974	n
聚类	13.8949	n
司法改革	13.8939	n
陆地巡洋舰	13.8902	n
用户权限	13.8877	n
代码实现	13.8870	n
注册商标专用权	13.8867	n
等待状态	13.8846	n
意外伤害	13.8826	n
国际经济法	13.8796	n
类型变量	13.8795	n
牛骨	13.8754	n
方法调用	13.8744	n
位运算	13.8705	n
用户态	13.8683	n
类加载	13.8671	n
树形结构	13.8657	n
支持环	13.8651	n
直接访问	13.8620	n

# reviewed NexaloidData candidates batch 2
人才市场	13.8592	ns
汽车贸易有限公司	13.8565	n
字典序	13.8513	n
强制拆迁	13.8481	n
覆写	13.8436	n
古井贡	13.8417	n
危害公共安全	13.8403	n
下拉列表	13.8352	n
设计思想	13.8345	n
观察者模式	13.8336	n
资源管理器	13.8335	n
安装方法	13.8328	n
无限循环	13.8284	n
业界动态	13.8236	n
中序遍历	13.8231	n
延迟加载	13.8214	n
发送邮件	13.8184	n
前缀和	13.8147	n
股改承诺	13.8076	n
耕地占用税	13.8068	n
双向链表	13.8048	n
子查询	13.8037	n
代码块	13.8034	n
选择排序	13.8012	n
工伤保险待遇	13.7993	n
执行通知书	13.7975	n
蛋挞	13.7968	n
表单提交	13.7966	n
系统设计	13.7920	n
保险监督管理委员会	13.7916	n
钱江	13.7898	ns
招标投标法	13.7889	n
涨跌停板	13.7884	n
工作区	13.7851	n
工业产权	13.7826	n
无害化处理	13.7816	n
当前路径	13.7755	n
夫妻分居	13.7753	n
关联关系	13.7749	n
植酸	13.7742	n
代理模式	13.7735	n
导入导出	13.7712	n
自定义控件	13.7698	n
无向图	13.7682	n
调用方法	13.7682	n
优先队列	13.7648	n
匿名内部类	13.7644	n
垃圾收集	13.7638	n
游戏开发	13.7632	n
安置补助费	13.7605	n
执行过程	13.7604	n
上新	13.7603	ns
当前版本	13.7593	n
请求处理	13.7541	n
一般法	13.7488	n
工具类	13.7487	n
海量数据	13.7481	n
退出程序	13.7480	n
重新运行	13.7448	n
内部职工股	13.7439	n
位或	13.7425	n
大数据量	13.7422	n
上清饮	13.7400	n
调试工具	13.7377	n
for循环	13.7370	n
测试机	13.7367	n
环境配置	13.7338	n
循环语句	13.7335	n
牵引力控制系统	13.7310	n
红黑树	13.7308	n
卫生行政部门	13.7304	n
眼肉	13.7276	n
深层次矛盾	13.7235	n
长安马自达	13.7223	n
经济承受能力	13.7212	n
反分裂国家法	13.7175	n
嵌入式系统	13.7173	n
昌河铃木	13.7169	n
文件路径	13.7139	n
新建项目	13.7110	n
前风挡	13.7069	n
无连接	13.7067	n
实施强制	13.7057	n
违禁物	13.7002	n
问题分析	13.6996	n
辣汤	13.6990	n
许可证制度	13.6975	n
双精度	13.6970	n
税收优惠政策	13.6969	n
国家电力公司	13.6962	n
第二人民医院	13.6958	ns
十进制数	13.6957	n
非法经营罪	13.6946	n
各级地方政府	13.6939	n
条件语句	13.6932	n
运行测试	13.6928	n
匿名函数	13.6917	n
类型参数	13.6917	n
i++	13.6895	n
类变量	13.6855	n
社会主义法治国家	13.6844	n
妇女权益保障	13.6818	n
对象名	13.6799	n
黑茶	13.6780	n
等待队列	13.6762	n
包装类	13.6751	n
长连接	13.6743	n
连锁经营协会	13.6732	n
四轮定位	13.6730	n
酒精饮料	13.6725	n
目的地址	13.6719	n
无民事行为能力	13.6710	n
设备驱动	13.6676	n
占用空间	13.6674	n
依赖关系	13.6630	n
键值对	13.6627	n
高位刹车灯	13.6616	n
数组类型	13.6605	n
中华人民共和国主席	13.6580	n
债权转让	13.6570	n
当前日期	13.6565	n
数据复制	13.6565	n
劳务派遣	13.6559	n
树状数组	13.6545	n
连接管	13.6536	n
类对象	13.6523	n
提拉米苏	13.6519	n
发送消息	13.6504	n
垃圾收集器	13.6504	n
任务管理器	13.6501	n
清单文件	13.6488	n
人均国内生产总值	13.6432	n
同步方法	13.6432	n
中断处理	13.6419	n
参数化	13.6410	n
抓包	13.6398	n
高亮显示	13.6357	n
国际贸易促进委员会	13.6348	n
宅基地使用权	13.6315	n
创新中心	13.6303	ns
卫生监督	13.6275	n
楼外楼	13.6273	n
车载电话	13.6268	n
配置信息	13.6257	n
提交事务	13.6256	n
项目文件	13.6244	n
参数类型	13.6244	n
城市房地产管理法	13.6243	n
xml文件	13.6215	n
自定义函数	13.6198	n
金耳	13.6195	n
符号链接	13.6193	n
天仁	13.6177	n
后台进程	13.6170	n
拆迁范围	13.6161	n
资源文件	13.6141	n
基本数据类型	13.6138	n
上海大众斯柯达	13.6133	n
并集	13.6119	n
全局函数	13.6108	n
执行计划	13.6103	n
数据绑定	13.6086	n
打开文件	13.6085	n
性能瓶颈	13.6075	n
建筑公司	13.6060	ns
互联网公司	13.6055	n
系统信息	13.6033	n
内存管理	13.6028	n
编译选项	13.5971	n
专利复审委员会	13.5968	n
限制民事行为能力	13.5965	n
高级语言	13.5963	n
发展计划委员会	13.5956	n
生物技术	13.5948	n
文件结构	13.5934	n
边距	13.5923	n
奶油蛋糕	13.5907	n
鹡鸰	13.5887	n
多重继承	13.5852	n
政府信息公开条例	13.5840	n
异步操作	13.5803	n
网络状态	13.5803	n
分业经营	13.5789	n
需求分析	13.5785	n
妇女联合会	13.5773	n
肉骨头	13.5757	n
应用场景	13.5751	n
错误日志	13.5738	n
涉案金额	13.5730	n
跳出循环	13.5726	n
逻辑运算符	13.5718	n
命名规范	13.5681	n
设计原则	13.5633	n
大小写敏感	13.5630	n
广播电影电视总局	13.5628	n
英美法系	13.5625	n
工商注册	13.5582	n
自定义属性	13.5577	n
时间片	13.5562	n
重用性	13.5558	n
连接建立	13.5553	n
服务器配置	13.5551	n
存储数据	13.5548	n
字符串处理	13.5531	n
点击事件	13.5528	n
摩托车配件	13.5524	n
盈余公积金	13.5515	n
药物治疗	13.5502	n
非法转让	13.5502	n
产品标识	13.5488	n
目录结构	13.5478	n
台湾事务办公室	13.5477	n
检测中心	13.5468	ns
应用程序开发	13.5465	n
医疗事故鉴定	13.5451	n
使用说明	13.5437	n
访问权限	13.5424	n
瓶颈制约	13.5410	n
事务性工作	13.5402	n
内存碎片	13.5399	n
海事法院	13.5398	n
重大责任事故	13.5388	n
妇女权益保障法	13.5378	n
数据加载	13.5377	n
国家监督	13.5373	n
白切	13.5344	n
设计思路	13.5344	n
远程连接	13.5339	n
远程仓库	13.5322	n
第一医院	13.5291	ns
董事会授权	13.5277	n
非法证券活动	13.5270	n
面向连接	13.5263	n
中央军事委员会主席	13.5241	n
远程调用	13.5238	n
深度学习	13.5226	n
公众号	13.5170	n
缓存文件	13.5154	n
表名	13.5136	n
产品经理	13.5122	n
类型安全	13.5115	n
三创	13.5073	n
高优先级	13.5072	n
权限控制	13.5069	n
重新鉴定	13.5065	n
离散化	13.5008	n
重新编译	13.4987	n
计算机视觉	13.4976	n
开源项目	13.4967	n
婚前协议	13.4931	n
占有人	13.4928	n
治国方略	13.4910	n
执行机关	13.4909	n
文件句柄	13.4906	n
静态函数	13.4892	n
全权代理	13.4885	n
花蛋糕	13.4869	n
网银	13.4863	n
美食之旅	13.4842	n
训练基地	13.4839	ns
校验和	13.4835	n
手动变速箱	13.4824	n
法律面前人人平等	13.4801	n
行政复议法	13.4789	n
属性设置	13.4787	n
捕获异常	13.4781	n
交投清淡	13.4765	n
劳动力市场	13.4747	ns
循环引用	13.4747	n
出队	13.4744	n
软链接	13.4735	n
死刑复核	13.4734	n
非专利技术	13.4734	n
记录日志	13.4731	n
妇幼保健院	13.4725	ns
医疗中心	13.4719	ns
保险经纪人	13.4711	n
临界区	13.4690	n
商业银行法	13.4683	n
行政强制措施	13.4681	n
继承遗产	13.4674	n
上传图片	13.4666	n
上下文切换	13.4663	n
定时任务	13.4662	n
电视作品	13.4654	n
用户需求	13.4643	n
main函数	13.4633	n
后序遍历	13.4624	n
先天性心脏病	13.4618	n
隐藏文件	13.4612	n
国有独资企业	13.4601	n
内存分配	13.4584	n
支农惠农政策	13.4548	n
闵行	13.4542	ns
连接超时	13.4530	n
数据字典	13.4508	n
sql语句	13.4489	n

# reviewed NexaloidData candidates batch 3
国家广播电影电视总局	13.4477	n
小企业融资	13.4462	n
启动脚本	13.4444	n
金菊	13.4442	n
滥用职权罪	13.4436	n
烟草专卖法	13.4414	n
函数对象	13.4373	n
协议栈	13.4337	n
产品质量标准	13.4320	n
远程登录	13.4309	n
集成开发环境	13.4295	n
授权文件	13.4240	n
中国连锁经营协会	13.4237	n
数字字符	13.4232	n
商业贿赂行为	13.4213	n
信托贷款	13.4210	n
民事法律行为	13.4189	n
Android系统	13.4180	n
压力测试	13.4162	n
交投活跃	13.4161	n
县医院	13.4161	n
规划许可证	13.4156	n
字节码	13.4143	n
静态类	13.4112	n
出让国有土地使用权	13.4108	n
库文件	13.4108	n
自动换行	13.4104	n
包面	13.4077	n
系统开销	13.4073	n
数组元素	13.4061	n
测试过程	13.4043	n
锁屏	13.4032	n
数据链路层	13.4020	n
系统安装	13.4012	n
挤占挪用	13.4008	n
引用传递	13.4000	n
茶饼	13.4000	n
网络流	13.3991	n
Linux系统	13.3988	n
古越龙山	13.3987	n
回避制度	13.3974	n
弹出窗口	13.3972	n
进栈	13.3969	n
缩放比例	13.3932	n
轮眉	13.3925	n
系统功能	13.3917	n
餐包	13.3912	n
锁机制	13.3911	n
临时对象	13.3896	n
软件工程师	13.3880	n
芝士蛋糕	13.3831	n
传染病防治法	13.3806	n
输出格式	13.3803	n
公务员录用	13.3796	n
用户管理	13.3780	n
.h	13.3766	n
中国汽车网	13.3760	n
公司债券发行	13.3750	n
整型变量	13.3745	n
动态绑定	13.3727	n
用工单位	13.3725	n
非法用工	13.3720	n
空气清新剂	13.3685	n
快排	13.3682	n
机关单位	13.3678	n
米皮	13.3662	n
甜甜圈	13.3657	n
全局对象	13.3651	n
脱脂牛奶	13.3640	n
多宝鱼	13.3617	n
自动化测试	13.3558	n
高危人群	13.3558	n
Java语言	13.3548	n
程序设计语言	13.3547	n
打表	13.3542	n
合伙企业法	13.3531	n
商业承兑汇票	13.3528	n
私有变量	13.3518	n
具有法律约束力	13.3515	n
锁芯	13.3489	n
市场体系	13.3472	n
保险范围	13.3447	n
流行病学调查	13.3447	n
算术运算	13.3442	n
插入数据	13.3387	n
HTTP请求	13.3385	n
鱼罐头	13.3382	n
水果沙拉	13.3368	n
设备驱动程序	13.3365	n
节约能源法	13.3363	n
羊肉泡馍	13.3353	n
多维数组	13.3349	n
母女关系	13.3346	n
第一财经日报	13.3341	n
省人民医院	13.3330	ns
泡芙	13.3282	n
三道茶	13.3259	n
交叉编译	13.3259	n
价值目标	13.3254	n
蒙迪欧致胜	13.3246	n
野指针	13.3240	n
桂林米粉	13.3239	n
服务进程	13.3214	n
税收征收管理法	13.3213	n
远程访问	13.3204	n
身份认证	13.3181	n
程序集	13.3179	n
陆风汽车	13.3169	n
中国注册会计师	13.3165	n
定向募集	13.3160	n
异步处理	13.3155	n
重新连接	13.3146	n
菜豆腐	13.3086	n
市规划局	13.3085	ns
权限管理	13.3079	n
被动安全	13.3075	n
个人经营	13.3072	n
蓝城	13.3069	n
前照灯	13.3062	n
朗姆酒	13.3056	n
奶汤	13.3051	n
金华火腿	13.3026	n
展览中心	13.3003	ns
比较器	13.2991	n
央企	13.2988	n
3D	13.2971	n
价格监督检查	13.2939	n
承担连带责任	13.2937	n
传递参数	13.2927	n
土地复垦	13.2921	n
灵长类动物	13.2921	n
读取文件	13.2907	n
文件读写	13.2903	n
逻辑结构	13.2894	n
非法拘禁罪	13.2892	n
设计理念	13.2872	n
风险抵押金	13.2831	n
适配器模式	13.2825	n
教育学院	13.2816	ns
目录树	13.2814	n
获取焦点	13.2767	n
锚点	13.2758	n
权利和利益	13.2749	n
面向对象设计	13.2734	n
处理方法	13.2720	n
懒加载	13.2712	n
封装类	13.2709	n
次要责任	13.2709	n
删除目录	13.2694	n
产业园区	13.2688	ns
启动时间	13.2674	n
完全二叉树	13.2670	n
操作确认	13.2668	n
性能分析	13.2661	n
强类型	13.2659	n
编辑文件	13.2657	n
汇泉	13.2643	n
审判监督程序	13.2637	n
国债回购	13.2631	n
深搜	13.2624	n
任务队列	13.2607	n
语法规则	13.2580	n
当前用户	13.2577	n
咸亨	13.2565	n
重症监护	13.2546	n
ip地址	13.2546	n
错误提示	13.2546	n
社区医院	13.2522	n
案情重大	13.2516	n
版本更新	13.2503	n
本地代码	13.2496	n
内存泄露	13.2482	n
用户登录	13.2479	n
主函数	13.2469	n
保护现场	13.2462	n
数据一致性	13.2443	n
版本管理	13.2436	n
目标文件	13.2433	n
可再生能源法	13.2432	n
隐式转换	13.2432	n
多字节	13.2426	n
上传文件	13.2415	n
数据连接	13.2413	n
丢包	13.2409	n
经营信息	13.2398	n
帧率	13.2396	n
一汽轿车	13.2395	n
全排列	13.2381	n
稻花香	13.2381	n
履行法定职责	13.2377	n
动画效果	13.2377	n
第二医院	13.2368	ns
邻接表	13.2337	n
内存模型	13.2332	n
删除操作	13.2330	n
速溶咖啡	13.2313	n
安装过程	13.2307	n
程序计数器	13.2305	n
赔偿范围	13.2293	n
巧克力蛋糕	13.2280	n
埃博拉病毒	13.2263	n
便宜坊	13.2261	n
食品安全法	13.2246	n
内部函数	13.2242	n
中国古代史	13.2234	n
实现原理	13.2232	n
面向对象语言	13.2230	n
移动开发	13.2224	n
宽高	13.2221	n
无符号整数	13.2211	n
外商投资产业指导目录	13.2188	n
冰沙	13.2180	n
系统内核	13.2178	n
容器类	13.2171	n
应用进程	13.2171	n
希尔排序	13.2140	n
递归算法	13.2106	n
组织结构	13.2085	n
网络图片	13.2066	n
平板电脑	13.2062	n
行为模式	13.2060	n
广播影视	13.2056	n
云服务	13.2056	n
root用户	13.2049	n
颅脑损伤	13.2034	n
百度地图	13.2032	n
空指针异常	13.2032	n
二分图	13.2017	n
新闻工作者协会	13.2015	n
新建工程	13.2005	n
谋取暴利	13.2001	n
抽象工厂	13.1997	n
经济参考报	13.1971	n
中外合作经营企业	13.1963	n
函数式编程	13.1956	n
XML文件	13.1936	n
带参数	13.1926	n
散列表	13.1920	n
电喷发动机	13.1920	n
新都	13.1912	ns
文件管理	13.1888	n
外部调用	13.1848	n
生产工艺技术	13.1848	n
技术问题	13.1836	n
廉租住房制度	13.1815	n
开源社区	13.1812	n
常住户口	13.1789	n
远程服务	13.1774	n
唯一标识	13.1745	n
案情复杂	13.1744	n
产权界定	13.1730	n
拓扑排序	13.1730	n
开闭原则	13.1712	n
证券承销	13.1695	n
中心城	13.1685	ns
粉碎性骨折	13.1665	n
函数定义	13.1661	n
犯罪手段	13.1659	n
中国现代史	13.1657	n
项目谈判	13.1655	n
HTTP协议	13.1654	n
存储文件	13.1651	n
经营自主权	13.1651	n
逻辑判断	13.1647	n
继承关系	13.1645	n
并发编程	13.1634	n
企业章程	13.1632	n
创业公司	13.1628	n
车载冰箱	13.1624	n
国家公园	13.1612	ns
入栈	13.1611	n
民商事案件	13.1610	n
平仓价	13.1608	n
共享变量	13.1587	n
java代码	13.1582	n
get方法	13.1570	n
职业病防治法	13.1561	n
执行效率	13.1558	n
甜蜜素	13.1554	n
思维方式	13.1546	n
供应合同	13.1538	n
线程调度	13.1536	n
中序	13.1528	n
置位	13.1519	n
线性回归	13.1513	n
健康档案	13.1505	n
腿部空间	13.1500	n
慕斯	13.1497	n
栈溢出	13.1491	n
本地文件	13.1491	n
物联网	13.1480	n
系统进程	13.1439	n
删除文件	13.1425	n
Android开发	13.1423	n
儿童福利院	13.1412	ns
限制民事行为能力人	13.1403	n
子线程	13.1396	n
源动力	13.1389	n
数据库操作	13.1384	n
类函数	13.1372	n

# reviewed NexaloidData candidates batch 4
缓存策略	13.1366	n
深拷贝	13.1349	n
点集	13.1347	n
诉讼保全	13.1342	n
电子制动力分配系统	13.1332	n
隔离级别	13.1311	n
时序图	13.1307	n
网络请求	13.1290	n
科学技术工业委员会	13.1288	n
挪用资金罪	13.1267	n
就绪状态	13.1256	n
文件定义	13.1233	n
造血干细胞	13.1211	n
非常可乐	13.1182	n
Web服务器	13.1157	n
编写代码	13.1108	n
直接插入排序	13.1102	n
香蕉船	13.1085	n
对象类型	13.1080	n
浅拷贝	13.1061	n
创建数据库	13.1056	n
数据块	13.1055	n
翘尾因素	13.1044	n
收回土地使用权	13.1042	n
无民事行为能力人	13.1040	n
座椅靠背	13.1035	n
web应用	13.1021	n
伊兰特悦动	13.1018	n
锅边	13.1009	n
后风挡	13.1003	n
创建文件	13.1002	n
背景颜色	13.0983	n
出栈	13.0980	n
食品工业协会	13.0975	n
星城	13.0972	ns
多行注释	13.0966	n
卡赛	13.0964	n
数组排序	13.0961	n
突发事件应对法	13.0959	n
三得利	13.0957	n
玩车	13.0946	n
缺陷产品	13.0944	n
诉讼参与人	13.0924	n
读入数据	13.0922	n
矩阵乘法	13.0920	n
内存区域	13.0917	n
单选按钮	13.0913	n
自底向上	13.0913	n
前序遍历	13.0902	n
进气格栅	13.0891	n
执行顺序	13.0883	n
垂直居中	13.0867	n
社交网络	13.0867	n
皮蛋瘦肉粥	13.0865	n
广告发布者	13.0841	n
数据加密	13.0832	n
类文件	13.0832	n
写入文件	13.0820	n
金威啤酒	13.0810	n
数据目录	13.0790	n
数据采集	13.0781	n
共享文件	13.0765	n
新经济	13.0763	n
支持向量机	13.0754	n
保存数据	13.0753	n
Web应用	13.0749	n
数据帧	13.0748	n
软连接	13.0745	n
平等自愿	13.0730	n
Java程序	13.0728	n
批处理文件	13.0727	n
点火线圈	13.0725	n
函数式	13.0719	n
字符串转换	13.0715	n
经济技术开发区	13.0710	n
流量控制	13.0705	n
数据空间	13.0694	n
查询语句	13.0693	n
炒房	13.0692	n
单行注释	13.0687	n
党员权利	13.0676	n
刑事附带民事诉讼	13.0676	n
保险责任范围	13.0671	n
日内瓦公约	13.0671	n
投资银行家	13.0665	n
网盘	13.0642	n
实时更新	13.0635	n
web服务器	13.0624	n
国家质量技术监督局	13.0611	n
用例	13.0602	n
荣氏	13.0583	n
反渎职侵权	13.0570	n
执行刑	13.0570	n
默认大小	13.0563	n
失职行为	13.0556	n
白肚	13.0552	n
字符串长度	13.0532	n
失能	13.0531	n
经济犯罪案件	13.0531	n
持续集成	13.0527	n
堆内存	13.0510	n
运行方式	13.0495	n
下级法院	13.0490	n
进程管理	13.0460	n
16进制	13.0450	n
表结构	13.0450	n
非静态	13.0445	n
set方法	13.0437	n
米茶	13.0424	n
敏捷开发	13.0421	n
房地产中介机构	13.0403	n
金融办	13.0403	n
代码示例	13.0392	n
保存图片	13.0382	n
占道经营	13.0380	n
运算符重载	13.0370	n
输入设备	13.0359	n
面向过程	13.0352	n
写数据	13.0350	n
安全模式	13.0345	n
实际开发	13.0343	n
残疾赔偿金	13.0340	n
算术运算符	13.0333	n
判决生效	13.0332	n
数据封装	13.0308	n
拉条	13.0305	n
转义符	13.0301	n
协议无效	13.0298	n
委托开发	13.0291	n
城乡规划法	13.0289	n
发动机转速	13.0289	n
二站	13.0283	ns
标签名	13.0280	n
执行和解	13.0240	n
回调方法	13.0232	n
市法院	13.0228	ns
自然语言处理	13.0226	n
金桥	13.0217	n
空壳公司	13.0214	n
语音识别	13.0214	n
转面	13.0205	n
业主权	13.0191	n
莜面	13.0188	n
诺丽	13.0184	n
并发处理	13.0176	n
装饰模式	13.0162	n
Linux内核	13.0159	n
城阳	13.0158	ns
代码片段	13.0158	n
产销衔接	13.0153	n
葱段	13.0150	n
烤地瓜	13.0122	n
一汽奥迪	13.0117	n
生成树	13.0117	n
函数实现	13.0106	n
参数说明	13.0096	n
抽象基类	13.0094	n
甜汤	13.0089	n
基本属性	13.0086	n
数学函数	13.0082	n
家庭联产承包责任制	13.0074	n
创建表	13.0070	n
一般用户	13.0043	n
深度优先搜索	13.0041	n
年审	13.0029	n
进程调度	13.0024	n
广播地址	13.0022	n
甜茶	13.0022	n
映射关系	12.9992	n
只读属性	12.9983	n
主观恶性	12.9976	n
专利信息	12.9967	n
显示图像	12.9933	n
斐波那契数列	12.9930	n
邮件服务器	12.9928	n
风险承担	12.9911	n
圆镜	12.9904	n
互斥量	12.9901	n
非法占地	12.9899	n
法人委托书	12.9879	n
记忆化搜索	12.9877	n
外国专家局	12.9875	n
缓冲池	12.9865	n
珠江啤酒	12.9860	n
平衡二叉树	12.9848	n
占用资金	12.9839	n
引用计数	12.9825	n
国有独资商业银行	12.9823	n
合作社法	12.9821	n
汤类	12.9814	n
对象创建	12.9806	n
进程状态	12.9779	n
辩护与代理	12.9774	n
城市规划法	12.9772	n
共享数据	12.9772	n
部分车型	12.9769	n
贪心算法	12.9767	n
外部存储	12.9760	n
下载文件	12.9757	n
酸汤鱼	12.9755	n
执行状态	12.9752	n
响应式	12.9745	n
文件地址	12.9725	n
权利要求书	12.9723	n
广州酒家	12.9720	n
文件拷贝	12.9712	n
while循环	12.9704	n
国家干预	12.9678	n
删除行	12.9676	n
改款车	12.9664	n
基本命令	12.9651	n
黄山毛峰	12.9646	n
多数据	12.9643	n
爱尔兰咖啡	12.9643	n
物理设备	12.9638	n
文件处理	12.9631	n
组合数	12.9621	n
空字符串	12.9608	n
企业版	12.9606	n
背包问题	12.9593	n
法学博士学位	12.9583	n
加密解密	12.9558	n
中国银监会	12.9553	n
狗不理包子	12.9553	n
猫耳朵	12.9546	n
传播途径	12.9541	n
编译原理	12.9541	n
Java类	12.9541	n
白灼	12.9533	n
肉罐头	12.9531	n
动态类型	12.9526	n
法院强制执行	12.9517	n
指定管辖	12.9508	n
政府采购	12.9503	n
数据保存	12.9490	n
罚没收入	12.9478	n
社会主义公有制	12.9457	n
监控系统	12.9452	n
嘉吉	12.9447	n
调度算法	12.9445	n
糖炒栗子	12.9440	n
副主任科员	12.9437	n
谭鱼头	12.9424	n
后台运行	12.9423	n
劳动用工	12.9413	n
一上班	12.9407	n
Android应用	12.9406	n
扰乱公共秩序	12.9394	n
播放音乐	12.9378	n
泛型类	12.9373	n
指定目录	12.9368	n
动态库	12.9363	n
南美白对虾	12.9353	n
与国际惯例接轨	12.9350	n
关系运算符	12.9343	n
事件循环	12.9335	n
子图	12.9317	n
文本编辑器	12.9311	n
录音制品	12.9307	n
下级人民法院	12.9299	n
计算机语言	12.9289	n
用户空间	12.9273	n
亚星客车	12.9270	n
功能需求	12.9270	n
劳动争议调解仲裁法	12.9270	n
自动完成	12.9266	n
程序违法	12.9260	n
内置对象	12.9258	n
大众中国	12.9250	n
自增	12.9239	n
百度云	12.9224	n
消防中队	12.9201	ns
花根	12.9200	n
金酒	12.9174	n
字符编码	12.9174	n
外部程序	12.9159	n
文件上传	12.9158	n
文件复制	12.9144	n
侵犯商标权	12.9140	n
函数声明	12.9118	n
立法宗旨	12.9104	n
数据迁移	12.9088	n
金种子	12.9072	n
手动输入	12.9069	n
长丰猎豹	12.9067	n
设备名	12.9054	n
初始化列表	12.9051	n
linux系统	12.9049	n
背书转让	12.9048	n
车载电脑	12.9040	n
TCP连接	12.9033	n
司法工作人员	12.9030	n
算法分析	12.9022	n
生命体征	12.9017	n
司法体制改革	12.9017	n
头部空间	12.9006	n
农产品市场	12.8990	ns
网络传输	12.8983	n
交通事故损害赔偿	12.8977	n
心肺复苏	12.8971	n

# reviewed NexaloidData candidates batch 5
建设工程合同	12.8969	n
输入输出流	12.8963	n
新功能	12.8950	n
蒸馏酒	12.8945	n
并发控制	12.8937	n
虚构事实	12.8934	n
删除数据	12.8928	n
向上转型	12.8907	n
现场勘验	12.8902	n
窃电	12.8898	n
逻辑地址	12.8889	n
建筑业协会	12.8867	n
取值范围	12.8840	n
文件操作	12.8839	n
移动终端	12.8832	n
锦芳	12.8832	n
新爱丽舍	12.8828	n
创建线程	12.8821	n
集成测试	12.8819	n
专利申请权	12.8816	n
浓缩果汁	12.8813	n
条件编译	12.8808	n
油气资源	12.8808	ns
灰度图像	12.8791	n
米糖	12.8781	n
高新区管委会	12.8781	ns
损失函数	12.8778	n
被告住所地	12.8767	n
第三方库	12.8764	n
股票交易印花税	12.8748	n
国家统一司法考试	12.8732	n
刀狼	12.8726	n
求余	12.8723	n
上下文菜单	12.8713	n
自定义异常	12.8702	n
股票回购	12.8693	n
西湖醋	12.8688	n
Java虚拟机	12.8669	n
玫瑰果	12.8663	n
2D	12.8657	n
入室盗窃	12.8654	n
增删改查	12.8654	n
查看源代码	12.8644	n
委托物	12.8630	n
中国法制史	12.8625	n
汽车营销	12.8623	n
推荐系统	12.8622	n
陶然居	12.8619	n
系统权限	12.8597	n
内存溢出	12.8596	n
执业医师法	12.8592	n
系统参数	12.8592	n
披露文件	12.8578	n
事件源	12.8569	n
西湖醋鱼	12.8567	n
删除元素	12.8561	n
面向接口编程	12.8550	n
进程名	12.8547	n
综合防治	12.8542	n
指针变量	12.8540	n
分布式数据库	12.8522	n
请求参数	12.8521	n
连带责任保证	12.8520	n
辅助函数	12.8517	n
企业级应用	12.8505	n
软中断	12.8500	n
数据操作	12.8499	n
UI线程	12.8494	n
公钥加密	12.8489	n
时钟周期	12.8486	n
泛型类型	12.8480	n
c语言	12.8478	n
用户认证	12.8461	n
运行时错误	12.8461	n
源码下载	12.8459	n
音频流	12.8452	n
启动服务	12.8424	n
华夏二手车	12.8423	n
国家新闻出版署	12.8419	n
调度程序	12.8419	n
被调用者	12.8416	n
main方法	12.8410	n
滑动窗口	12.8407	n
判决执行	12.8399	n
远程控制	12.8396	n
烤羊腿	12.8390	n
本地地址	12.8371	n
钢铁产业发展	12.8357	n
假冒商品	12.8340	n
宫保鸡丁	12.8331	n
窗口句柄	12.8325	n
座椅加热	12.8314	n
包管理器	12.8305	n
数组长度	12.8291	n
国际刑事法院	12.8277	n
扩展方法	12.8271	n
县委办	12.8263	ns
服务器集群	12.8263	n
存储方式	12.8257	n
农村土地承包法	12.8243	n
位取反	12.8234	n
生蚝	12.8212	n
绝对地址	12.8194	n
发明专利权	12.8185	n
鱼火锅	12.8185	n
热酒	12.8171	n
数据库管理	12.8168	n
旅游法	12.8168	n
灌汤包	12.8168	n
项目开发	12.8164	n
iOS开发	12.8161	n
香飘飘	12.8148	n
争用	12.8145	n
新嘉年华	12.8127	n
字节数组	12.8119	n
米豆腐	12.8113	n
编译参数	12.8101	n
事务回滚	12.8098	n
递归调用	12.8084	n
添加数据	12.8080	n
生效时间	12.8075	n
线程同步	12.8071	n
类模板	12.8064	n
红烧牛肉	12.8064	n
编译过程	12.8058	n
代码规范	12.8052	n
依赖管理	12.8043	n
物业服务企业	12.8034	n
用户代理	12.8026	n
一级缓存	12.8014	n
保险保障基金	12.8005	n
侧边栏	12.7999	n
密钥对	12.7996	n
收案	12.7993	n
共同债务	12.7976	n
农产品质量安全法	12.7958	n
确诊病例	12.7948	n
配置参数	12.7939	n
农民专业合作社法	12.7937	n
显示设备	12.7931	n
贩卖毒品罪	12.7926	n
数据获取	12.7914	n
递推公式	12.7914	n
形成权	12.7902	n
数据库应用	12.7899	n
高危	12.7889	n
守护进程	12.7883	n
执行监督	12.7878	n
夫妻肺片	12.7875	n
DP	12.7874	n
if语句	12.7874	n
医疗事故处理条例	12.7872	n
编码格式	12.7872	n
芋泥	12.7869	n
叫化鸡	12.7863	n
数据冗余	12.7860	n
饼图	12.7860	n
命名管道	12.7857	n
啤酒鱼	12.7845	n
重大责任事故罪	12.7842	n
工作队列	12.7839	n
老婆饼	12.7839	n
枚举类型	12.7829	n
软件开发过程	12.7828	n
公共航空运输企业	12.7826	n
基础类	12.7816	n
经开区	12.7813	ns
国土资源局	12.7810	ns
拆箱	12.7807	n
失血性休克	12.7804	n
电子科技大学	12.7789	ns
父进程	12.7787	n
ASCII码	12.7781	n
荞面	12.7765	n
强制执行措施	12.7759	n
远程过程调用	12.7756	n
高桥	12.7756	ns
管制刀具	12.7753	n
手足口病	12.7732	n
jar文件	12.7732	n
村民委员会组织法	12.7729	n
债务承担	12.7719	n
自动布局	12.7713	n
共享锁	12.7686	n
状态转移	12.7682	n
殴打他人	12.7662	n
F5	12.7657	n
状态码	12.7654	n
字符输入	12.7650	n
样本集	12.7650	n
动态加载	12.7638	n
数据可视化	12.7635	n
紫米	12.7632	n
模板方法	12.7616	n
危害公共安全罪	12.7580	n
经济合同法	12.7577	n
系统库	12.7574	n
使用场景	12.7571	n
农村土地承包	12.7569	n
并行化	12.7564	n
情感障碍	12.7561	n
获批	12.7552	n
进出口经营权	12.7549	n
接待中心	12.7546	ns
对象池	12.7537	n
五定	12.7531	n
非对称加密	12.7521	n
价格放开	12.7509	n
文件保存	12.7501	n
骨质疏松	12.7500	n
终止程序	12.7487	n
命令行参数	12.7474	n
新奥德赛	12.7466	n
圣女果	12.7450	n
有效时间	12.7450	n
配置环境变量	12.7450	n
方法参数	12.7443	n
帮助文档	12.7433	n
肋骨骨折	12.7432	n
静态库	12.7431	n
消息发送	12.7422	n
非婚生子女	12.7419	n
开发效率	12.7405	n
字符串数组	12.7394	n
显示模式	12.7391	n
上市公司收购	12.7377	n
皮下出血	12.7366	n
区委常委	12.7366	ns
文件包含	12.7363	n
盗刷	12.7360	n
广度优先搜索	12.7357	n
天和	12.7351	ns
程序出错	12.7351	n
请求数据	12.7348	n
肺部感染	12.7344	n
复仇女神	12.7338	n
路径和	12.7333	n
医疗改革	12.7321	n
蘑菇汤	12.7319	n
排序算法	12.7319	n
烟草总公司	12.7285	n
由拥有	12.7275	n
程序错误	12.7275	n
实时系统	12.7272	n
炒肉丝	12.7266	n
手拉葫芦	12.7250	n
有奖征集活动	12.7244	n
数据接口	12.7237	n
进程控制	12.7221	n
